Image,EXP,ICM,TE
0025_05.png,3,0,0
812_02.png,2,0,0
841_04.png,2,1,0
839_01.png,3,0,0
0105_04.png,4,0,1
298_03.png,1,3,3
0130_08.png,0,3,3
778_02.png,3,0,0
602_02.png,3,1,0
204_06.png,3,0,0
0040_01.png,2,1,0
338_03.png,0,3,3
0175_01.png,3,1,0
0136_02.png,3,1,1
430_01.png,0,3,3
0174_02.png,2,1,0
468_01.png,3,0,0
643_01.png,3,0,0
0090_03.png,3,0,1
0004_02.png,4,0,1
0095_02.png,3,1,0
743_02.png,2,1,0
628_06.png,3,0,0
0148_01.png,3,0,0
828_01.png,3,0,0
700_01.png,1,3,3
318_02.png,3,0,1
0150_02.png,3,0,1
0015_01.png,2,1,0
636_05.png,2,0,0
481_02.png,4,0,0
0046_03.png,0,3,3
0142_05.png,3,1,1
835_02.png,3,0,1
208_01.png,2,0,0
313_04.png,3,0,0
449_01.png,3,2,1
350_03.png,2,1,0
382_01.png,4,0,0
838_01.png,4,0,0
725_01.png,2,0,0
640_01.png,2,0,0
517_02.png,3,0,0
773_01.png,3,0,0
829_01.png,3,0,0
665_01.png,3,0,0
0130_04.png,1,3,3
857_02.png,2,0,0
716_03.png,2,0,0
434_07.png,0,3,3
835_07.png,3,0,0
624_03.png,4,1,0
550_02.png,0,3,3
0142_02.png,2,1,1
293_05.png,1,3,3
538_01.png,3,0,0
0100_03.png,3,1,1
401_05.png,3,0,0
810_02.png,3,0,1
202_01.png,2,0,0
305_01.png,3,0,0
0157_01.png,4,1,0
488_01.png,3,0,0
603_07.png,3,0,1
687_03.png,0,3,3
507_03.png,3,1,0
216_04.png,3,0,0
0016_01.png,2,1,0
0074_01.png,3,0,0
811_01.png,3,0,0
692_01.png,2,0,0
0009_04.png,0,3,3
0024_01.png,2,1,1
635_01.png,3,0,0
440_02.png,3,0,0
0042_06.png,3,0,1
469_03.png,2,0,1
268_03.png,0,3,3
0065_02.png,2,0,1
728_04.png,3,0,1
0130_09.png,1,3,3
0190_01.png,2,0,1
266_03.png,3,0,2
0037_02.png,0,3,3
313_02.png,1,3,3
393_03.png,1,3,3
409_01.png,3,0,1
0143_01.png,2,0,0
496_07.png,2,0,0
0105_07.png,3,0,0
272_01.png,1,3,3
858_05.png,3,0,0
463_04.png,3,0,0
823_03.png,3,0,0
767_02.png,3,0,0
301_01.png,3,0,0
349_01.png,3,0,0
510_02.png,3,0,0
657_02.png,2,0,0
0173_06.png,3,0,1
0156_04.png,3,1,0
523_04.png,3,0,0
411_01.png,3,0,0
383_04.png,2,0,1
430_08.png,3,0,0
0012_02.png,0,3,3
859_02.png,3,0,1
738_01.png,3,0,0
528_06.png,3,0,0
0044_02.png,0,3,3
433_01.png,3,1,0
0151_02.png,2,1,1
0171_02.png,0,3,3
344_01.png,3,0,0
620_01.png,2,0,0
761_01.png,3,0,0
847_01.png,3,0,1
775_02.png,3,0,0
351_01.png,3,0,0
0108_05.png,3,0,0
303_04.png,4,0,1
0115_01.png,3,0,2
212_07.png,3,0,1
508_05.png,3,0,2
401_03.png,3,0,0
743_01.png,3,0,0
0131_03.png,3,1,2
781_02.png,3,0,0
600_02.png,2,0,1
465_01.png,3,0,0
248_01.png,2,1,1
0079_03.png,1,3,3
0005_04.png,3,0,0
861_08.png,0,3,3
523_01.png,3,1,0
777_01.png,0,3,3
0049_03.png,3,0,0
391_02.png,3,0,1
0092_03.png,4,0,0
816_02.png,3,1,0
0180_01.png,3,0,1
275_05.png,2,0,1
326_02.png,2,0,1
389_01.png,3,0,1
660_02.png,0,3,3
344_05.png,3,1,1
756_01.png,3,0,0
501_05.png,3,0,0
327_06.png,3,0,0
554_03.png,3,0,0
483_01.png,3,0,0
275_04.png,3,0,1
589_04.png,2,0,1
439_05.png,0,3,3
434_04.png,2,0,0
434_06.png,0,3,3
851_02.png,3,0,1
325_01.png,3,0,0
495_04.png,3,1,1
207_02.png,0,3,3
393_04.png,1,3,3
430_06.png,3,0,0
547_01.png,3,0,1
809_01.png,3,0,0
553_03.png,2,0,0
703_01.png,3,0,0
0195_04.png,2,0,0
0015_03.png,0,3,3
369_06.png,0,3,3
753_01.png,3,0,0
477_03.png,1,3,3
686_01.png,3,0,0
646_05.png,2,1,1
844_01.png,3,0,0
368_05.png,2,0,0
0176_02.png,4,1,0
270_01.png,0,3,3
748_03.png,3,0,0
520_01.png,3,0,0
615_03.png,1,3,3
636_06.png,2,0,0
0142_04.png,3,0,0
345_02.png,2,0,0
614_01.png,0,3,3
0101_01.png,3,0,0
642_03.png,2,0,0
647_03.png,1,3,3
759_02.png,3,0,0
456_07.png,3,0,0
0010_02.png,0,3,3
294_06.png,2,0,0
208_05.png,2,0,0
627_04.png,1,3,3
0128_01.png,3,0,1
350_01.png,3,0,0
624_04.png,4,0,2
582_01.png,3,1,0
0153_01.png,3,0,0
633_01.png,2,0,0
513_03.png,3,0,0
0177_01.png,3,1,1
0146_02.png,3,0,1
554_01.png,3,0,0
550_03.png,3,0,0
523_03.png,2,1,0
656_02.png,2,0,1
628_03.png,2,1,0
634_04.png,2,0,1
668_01.png,3,0,0
501_02.png,3,0,0
0025_03.png,0,3,3
0190_05.png,3,0,1
717_01.png,1,3,3
0170_04.png,1,3,3
0110_04.png,3,0,0
715_01.png,3,0,0
572_02.png,3,0,2
660_01.png,3,0,1
631_02.png,3,0,0
0002_01.png,1,3,3
294_07.png,3,1,0
617_04.png,0,3,3
634_02.png,3,0,0
273_01.png,1,3,3
0093_01.png,3,0,0
391_01.png,3,0,0
632_02.png,2,0,0
0094_01.png,3,0,0
0170_01.png,3,0,0
0160_01.png,0,3,3
306_01.png,3,0,1
0086_02.png,3,0,0
441_02.png,2,0,0
261_04.png,3,1,0
252_01.png,1,3,3
350_06.png,3,0,0
706_01.png,2,1,0
817_01.png,3,1,0
346_02.png,3,0,0
308_01.png,3,0,0
439_06.png,3,0,1
0021_01.png,0,3,3
496_04.png,0,3,3
321_03.png,3,0,0
710_06.png,3,0,0
796_02.png,2,0,0
679_01.png,3,0,1
648_03.png,3,1,0
622_01.png,3,0,1
332_01.png,1,3,3
629_06.png,1,3,3
528_05.png,4,1,0
0174_03.png,3,1,0
502_01.png,3,0,0
0052_01.png,2,0,0
0145_01.png,3,1,0
754_01.png,3,0,0
0072_04.png,2,0,1
0019_01.png,1,3,3
340_01.png,2,0,1
657_05.png,3,0,1
436_02.png,3,0,0
533_02.png,3,1,0
0009_02.png,2,0,1
618_03.png,1,3,3
0190_03.png,3,0,0
287_01.png,4,0,0
324_06.png,3,0,0
699_01.png,3,1,1
563_02.png,3,0,0
0194_02.png,3,0,0
590_03.png,3,0,1
0169_02.png,2,2,1
380_02.png,0,3,3
850_01.png,1,3,3
0156_01.png,3,0,0
520_03.png,3,0,0
0168_05.png,3,0,0
362_02.png,3,0,0
566_03.png,0,3,3
678_02.png,3,1,1
0081_02.png,3,0,0
498_03.png,4,1,0
420_05.png,2,0,0
677_02.png,0,3,3
631_06.png,3,0,1
0009_01.png,2,1,0
835_06.png,3,0,0
824_05.png,3,0,0
408_02.png,0,3,3
342_05.png,0,3,3
423_01.png,3,0,0
478_03.png,3,0,0
603_09.png,3,0,1
350_02.png,2,0,0
419_01.png,3,0,0
284_01.png,3,0,1
342_02.png,1,3,3
801_02.png,3,0,1
443_05.png,3,1,2
792_02.png,1,3,3
772_02.png,2,0,0
815_02.png,3,0,0
730_02.png,2,1,0
606_01.png,0,3,3
542_01.png,4,0,0
591_02.png,1,3,3
0059_01.png,3,0,0
569_02.png,0,3,3
0132_02.png,1,3,3
0130_06.png,3,0,2
663_01.png,3,0,0
291_02.png,2,1,0
492_01.png,3,0,0
0046_04.png,3,0,0
630_02.png,1,3,3
0164_03.png,2,1,1
0036_04.png,2,1,0
338_02.png,4,1,1
385_01.png,0,3,3
0083_03.png,2,1,0
240_01.png,3,0,1
0159_01.png,1,3,3
204_03.png,3,0,0
631_07.png,3,0,1
270_02.png,0,3,3
496_02.png,0,3,3
447_01.png,2,2,0
311_01.png,3,0,1
317_01.png,1,3,3
621_01.png,2,0,0
393_01.png,3,0,0
346_03.png,2,1,0
612_01.png,4,0,0
0111_01.png,3,0,0
470_02.png,1,3,3
799_02.png,0,3,3
0197_02.png,3,1,0
533_01.png,3,0,0
246_01.png,2,0,0
676_02.png,1,3,3
431_03.png,0,3,3
744_01.png,2,0,1
213_01.png,3,1,0
634_03.png,1,3,3
726_03.png,2,0,0
218_02.png,3,0,1
0130_07.png,2,1,0
628_01.png,2,0,1
333_03.png,3,1,1
337_01.png,3,0,1
488_02.png,2,0,1
485_02.png,3,1,0
846_02.png,3,0,0
821_01.png,3,0,0
492_02.png,3,0,2
0051_02.png,0,3,3
381_03.png,4,0,0
407_03.png,1,3,3
619_02.png,3,0,2
840_01.png,3,0,0
202_08.png,3,0,0
282_02.png,0,3,3
350_05.png,3,0,1
646_01.png,3,0,1
439_03.png,0,3,3
661_01.png,3,0,0
0028_01.png,0,3,3
0156_02.png,3,0,0
421_07.png,3,0,0
0101_03.png,3,0,0
242_01.png,1,3,3
782_02.png,3,0,1
722_01.png,0,3,3
204_01.png,3,0,0
254_01.png,0,3,3
0058_02.png,2,0,1
789_01.png,1,3,3
0001_01.png,1,3,3
571_02.png,0,3,3
0023_01.png,3,0,1
328_03.png,4,0,1
331_04.png,3,0,0
0096_01.png,0,3,3
528_02.png,3,0,1
701_01.png,4,0,0
597_01.png,3,1,1
405_03.png,2,0,1
0183_01.png,2,0,0
411_04.png,2,0,1
654_02.png,1,3,3
0137_01.png,3,0,0
422_01.png,1,3,3
0180_02.png,3,0,0
853_02.png,2,0,0
331_05.png,3,0,0
378_01.png,3,1,2
221_03.png,0,3,3
360_01.png,3,0,0
0052_02.png,2,1,0
649_01.png,2,0,0
589_01.png,0,3,3
653_01.png,3,0,0
0149_03.png,0,3,3
405_02.png,3,0,0
0087_02.png,3,0,2
0034_01.png,3,0,1
301_02.png,3,0,0
692_02.png,1,3,3
298_01.png,3,0,0
216_01.png,3,0,0
0137_02.png,4,1,0
0082_01.png,4,0,0
0195_05.png,2,1,1
513_02.png,2,0,0
357_01.png,3,0,0
827_01.png,4,0,0
711_01.png,3,0,0
637_02.png,3,0,0
0142_01.png,2,1,1
0148_03.png,0,3,3
356_01.png,4,0,0
393_08.png,1,3,3
328_02.png,3,0,1
652_02.png,3,0,0
0126_04.png,3,1,1
0038_02.png,1,3,3
0047_03.png,3,0,1
836_04.png,4,0,1
749_01.png,4,0,0
363_01.png,3,0,0
297_05.png,2,0,1
657_06.png,3,1,0
0074_03.png,3,0,0
479_03.png,2,0,0
343_02.png,3,0,0
515_01.png,2,0,0
348_01.png,3,0,0
353_04.png,4,0,0
0168_03.png,2,1,1
479_01.png,3,0,0
635_02.png,3,0,1
626_03.png,2,0,0
499_01.png,3,0,1
535_04.png,3,0,1
351_03.png,3,0,1
821_03.png,1,3,3
783_01.png,3,0,0
672_02.png,1,3,3
741_02.png,3,1,0
532_02.png,2,1,1
393_09.png,3,0,0
420_07.png,3,0,0
353_03.png,3,0,0
384_03.png,2,0,1
241_04.png,1,3,3
268_02.png,3,1,1
263_01.png,0,3,3
333_01.png,2,1,0
781_04.png,2,1,0
276_04.png,1,3,3
0155_01.png,3,0,0
606_03.png,3,0,0
489_01.png,3,0,0
0035_01.png,2,0,0
543_01.png,3,0,0
0005_01.png,3,0,0
430_05.png,3,0,0
393_07.png,3,0,0
285_02.png,3,0,0
0059_02.png,2,1,0
406_03.png,1,3,3
507_01.png,3,1,0
0002_02.png,1,3,3
0045_01.png,2,1,1
0165_01.png,1,3,3
201_02.png,2,0,1
0131_01.png,2,1,1
429_01.png,4,0,0
249_01.png,0,3,3
336_02.png,3,0,0
327_05.png,3,1,0
0147_02.png,3,0,1
265_01.png,3,0,0
760_02.png,0,3,3
0091_01.png,4,0,0
532_01.png,3,0,0
0005_05.png,3,0,0
461_01.png,1,3,3
0092_10.png,3,1,0
0135_03.png,3,0,1
640_02.png,3,0,1
628_05.png,3,0,0
0193_01.png,3,0,0
646_02.png,4,0,0
0179_01.png,4,0,0
732_03.png,3,0,1
0088_01.png,3,0,2
772_01.png,1,3,3
453_01.png,2,0,0
595_02.png,0,3,3
287_02.png,0,3,3
0054_04.png,4,0,0
437_01.png,2,0,1
303_02.png,3,0,0
0015_04.png,0,3,3
649_04.png,2,0,0
859_01.png,1,3,3
439_02.png,3,0,0
0076_01.png,3,0,0
558_04.png,3,1,1
785_03.png,2,0,0
777_02.png,3,0,0
562_01.png,3,0,0
456_02.png,1,3,3
728_01.png,3,0,0
847_02.png,2,1,1
201_04.png,2,0,1
0074_04.png,3,0,1
648_06.png,2,0,0
0028_02.png,3,1,0
442_02.png,3,0,1
858_10.png,3,0,0
601_03.png,3,0,0
821_02.png,3,0,1
198_01.png,4,0,0
793_01.png,3,0,1
430_09.png,4,0,0
614_03.png,0,3,3
841_02.png,3,0,0
256_04.png,3,0,0
212_06.png,3,2,0
0112_02.png,2,1,1
481_01.png,3,0,0
685_01.png,3,1,1
510_01.png,2,1,1
0100_01.png,3,0,0
568_01.png,3,0,0
0042_05.png,3,0,0
727_01.png,3,1,2
0003_01.png,2,0,1
730_01.png,3,1,1
0036_03.png,1,3,3
798_02.png,3,0,0
858_07.png,4,1,0
477_01.png,3,0,0
615_04.png,4,0,0
848_01.png,3,0,0
372_06.png,3,0,0
0080_02.png,3,1,0
379_01.png,1,3,3
856_02.png,3,0,0
658_08.png,3,0,0
210_05.png,3,0,1
364_01.png,3,0,0
559_03.png,4,0,0
0132_03.png,3,1,1
330_02.png,2,0,0
808_01.png,3,0,0
0033_01.png,1,3,3
474_02.png,2,0,1
258_04.png,2,0,0
388_02.png,3,0,0
536_01.png,2,0,0
256_03.png,4,0,0
541_03.png,1,3,3
0172_04.png,3,0,1
603_05.png,3,0,1
406_05.png,2,0,1
858_02.png,3,0,1
0068_04.png,3,0,0
849_01.png,4,0,0
753_02.png,3,0,1
0109_02.png,3,0,0
202_05.png,1,3,3
604_01.png,4,0,0
0027_01.png,2,1,0
310_04.png,2,1,0
814_01.png,2,1,0
588_05.png,3,0,1
601_04.png,2,0,0
377_04.png,0,3,3
719_02.png,3,0,0
654_01.png,3,1,2
245_01.png,0,3,3
843_01.png,3,0,0
547_03.png,3,0,1
259_01.png,1,3,3
673_01.png,0,3,3
442_04.png,3,0,1
293_04.png,3,0,1
256_02.png,3,0,1
0037_03.png,1,3,3
534_01.png,2,0,0
856_01.png,4,0,0
299_02.png,0,3,3
839_04.png,3,1,1
0126_08.png,2,0,0
666_02.png,3,0,1
261_03.png,4,1,0
835_10.png,3,0,0
286_04.png,2,1,0
221_05.png,0,3,3
774_01.png,2,1,2
497_04.png,3,1,1
397_01.png,2,0,0
0068_01.png,3,0,1
319_03.png,0,3,3
0127_02.png,3,1,0
611_02.png,3,1,1
833_01.png,1,3,3
0057_04.png,1,3,3
240_03.png,3,0,1
0114_04.png,3,0,0
691_01.png,3,0,0
527_01.png,3,0,0
0172_03.png,3,0,1
344_04.png,2,0,0
654_03.png,1,3,3
363_06.png,3,1,0
346_04.png,2,0,0
652_01.png,3,0,0
775_03.png,3,0,0
266_01.png,2,0,0
0161_01.png,3,1,1
359_01.png,3,0,0
824_01.png,2,0,0
0104_03.png,2,1,0
861_07.png,3,2,0
475_06.png,2,0,0
0076_02.png,2,1,0
610_01.png,4,0,0
0133_02.png,1,3,3
0195_03.png,1,3,3
372_02.png,0,3,3
748_02.png,3,1,0
202_06.png,1,3,3
558_03.png,3,2,0
340_05.png,2,0,0
430_07.png,4,0,0
798_01.png,4,0,0
0139_01.png,3,0,1
502_02.png,4,0,0
0085_01.png,3,1,0
475_02.png,3,0,1
210_03.png,3,0,0
217_02.png,3,0,0
201_01.png,3,0,1
648_04.png,3,0,0
742_01.png,3,0,0
203_02.png,2,0,0
221_01.png,1,3,3
362_04.png,3,0,0
698_03.png,0,3,3
258_02.png,3,0,1
614_02.png,1,3,3
603_01.png,3,2,1
302_04.png,3,0,0
0186_02.png,3,0,0
341_03.png,1,3,3
602_04.png,3,1,2
0104_02.png,3,0,0
753_06.png,1,3,3
674_01.png,3,0,0
861_02.png,2,0,0
816_01.png,2,1,0
297_02.png,3,0,1
680_02.png,3,0,1
0008_02.png,1,3,3
756_02.png,1,3,3
300_03.png,3,0,0
248_02.png,4,0,0
0190_07.png,3,0,0
0116_01.png,3,0,1
459_01.png,0,3,3
421_01.png,3,0,0
399_04.png,3,1,0
657_01.png,2,0,0
767_04.png,3,0,0
626_01.png,1,3,3
0038_04.png,0,3,3
626_07.png,3,0,0
0067_02.png,3,0,1
303_01.png,3,0,0
418_01.png,3,0,0
0130_03.png,1,3,3
676_01.png,3,0,1
0130_05.png,3,0,1
701_03.png,2,0,1
739_01.png,3,0,0
562_02.png,2,0,1
830_02.png,3,0,0
637_01.png,3,0,0
0019_04.png,2,1,2
0189_02.png,2,1,1
625_02.png,3,1,1
753_03.png,2,0,1
0091_02.png,1,3,3
0163_03.png,2,1,1
603_08.png,3,0,0
201_05.png,3,0,0
630_03.png,2,0,0
598_01.png,3,0,0
351_02.png,3,1,0
658_02.png,4,0,0
0138_01.png,3,0,0
0063_02.png,3,0,0
0144_01.png,3,0,0
639_05.png,2,0,0
737_01.png,1,3,3
529_03.png,3,0,0
772_03.png,2,0,0
0196_01.png,4,0,0
749_02.png,3,0,1
546_02.png,3,0,0
354_04.png,1,3,3
362_03.png,3,0,1
710_05.png,3,1,0
782_01.png,3,0,1
861_03.png,4,0,0
842_01.png,3,0,0
493_02.png,0,3,3
0114_03.png,2,1,0
781_03.png,2,0,0
0105_05.png,2,1,1
853_01.png,3,0,0
596_01.png,3,0,1
0173_05.png,3,0,1
412_01.png,3,0,0
0122_01.png,4,0,0
0168_02.png,2,0,1
666_01.png,3,1,1
402_02.png,3,0,0
858_08.png,3,0,1
0141_01.png,2,1,1
441_01.png,0,3,3
0049_01.png,2,1,0
0177_02.png,3,1,2
768_01.png,1,3,3
658_04.png,2,0,1
539_01.png,3,0,0
485_01.png,3,0,1
324_03.png,4,1,1
237_01.png,2,0,0
0143_02.png,3,0,0
788_01.png,1,3,3
554_05.png,0,3,3
769_01.png,3,0,0
421_04.png,3,0,0
412_03.png,2,0,0
202_04.png,0,3,3
811_04.png,2,0,0
469_02.png,2,1,0
219_01.png,3,0,1
340_04.png,1,3,3
599_04.png,3,0,0
235_02.png,2,0,0
664_02.png,0,3,3
260_02.png,2,1,1
0038_01.png,1,3,3
247_01.png,2,0,0
239_01.png,1,3,3
558_01.png,3,0,0
0172_01.png,4,0,0
834_03.png,3,0,0
805_02.png,2,0,0
716_02.png,2,0,0
0164_01.png,3,0,1
286_01.png,3,0,1
0085_04.png,3,0,0
334_02.png,3,0,1
221_02.png,0,3,3
0038_03.png,0,3,3
639_07.png,3,0,0
331_02.png,3,0,0
0127_01.png,3,0,0
496_05.png,3,0,0
312_01.png,0,3,3
358_02.png,3,0,0
392_02.png,3,0,0
0121_01.png,3,0,0
808_03.png,3,0,0
658_05.png,2,0,0
710_03.png,3,1,0
726_01.png,4,0,1
0110_02.png,3,0,1
655_02.png,3,1,0
543_03.png,3,1,0
547_06.png,2,0,0
0162_01.png,3,0,0
805_03.png,1,3,3
437_03.png,0,3,3
202_07.png,2,0,0
592_01.png,0,3,3
642_01.png,2,1,0
646_03.png,3,1,0
0102_02.png,2,1,0
697_02.png,0,3,3
467_03.png,3,0,0
0129_01.png,1,3,3
0194_03.png,3,0,0
271_01.png,2,0,0
443_01.png,3,0,0
637_04.png,2,2,1
717_02.png,1,3,3
305_02.png,2,0,1
214_04.png,2,0,0
839_03.png,0,3,3
456_05.png,3,0,1
731_01.png,3,1,0
434_03.png,2,0,1
0001_02.png,0,3,3
557_02.png,0,3,3
566_02.png,0,3,3
0006_01.png,0,3,3
445_03.png,3,0,0
590_02.png,0,3,3
842_03.png,2,1,1
400_02.png,3,0,0
843_02.png,2,1,0
403_01.png,3,0,2
0058_04.png,4,0,1
301_03.png,4,0,1
454_01.png,2,0,0
247_04.png,2,0,1
574_02.png,1,3,3
666_05.png,3,0,0
686_03.png,2,0,0
666_03.png,3,1,2
315_01.png,4,0,0
214_02.png,0,3,3
301_06.png,3,0,0
716_01.png,3,0,0
369_04.png,3,0,0
0056_01.png,3,0,0
0036_01.png,2,0,0
297_03.png,1,3,3
0195_01.png,3,0,0
300_06.png,2,1,0
478_01.png,3,0,0
785_01.png,3,0,0
468_02.png,3,0,1
0047_02.png,1,3,3
513_01.png,3,0,0
858_06.png,3,0,0
398_01.png,3,1,0
393_05.png,2,0,0
390_04.png,2,0,0
327_02.png,4,1,0
445_01.png,3,1,0
0083_04.png,2,2,1
0042_03.png,0,3,3
296_02.png,3,0,1
448_01.png,0,3,3
483_03.png,3,0,0
323_03.png,3,1,1
0062_02.png,1,3,3
652_03.png,3,0,0
315_02.png,0,3,3
0088_02.png,2,1,1
421_05.png,3,0,1
466_01.png,3,0,0
268_01.png,1,3,3
0107_01.png,2,0,0
698_02.png,2,0,1
631_04.png,3,0,0
400_03.png,3,0,0
420_01.png,3,0,0
542_02.png,3,0,0
835_08.png,4,1,0
619_01.png,2,0,2
587_01.png,0,3,3
780_01.png,3,0,0
346_01.png,3,0,1
800_02.png,1,3,3
468_03.png,2,1,0
343_01.png,3,0,0
763_02.png,3,1,1
557_01.png,1,3,3
284_02.png,3,0,1
710_01.png,3,0,1
0080_03.png,3,0,1
393_11.png,3,1,1
0170_03.png,1,3,3
383_03.png,3,0,0
0147_01.png,3,0,0
514_01.png,2,0,1
456_06.png,3,0,0
455_01.png,1,3,3
467_04.png,3,1,0
287_03.png,3,1,1
340_03.png,3,0,1
567_01.png,3,0,1
414_08.png,3,0,1
698_01.png,2,0,0
250_01.png,1,3,3
369_05.png,3,1,0
0029_02.png,1,3,3
522_01.png,1,3,3
525_01.png,3,0,0
670_01.png,3,0,1
446_02.png,3,0,2
414_10.png,3,0,0
603_02.png,3,0,0
417_01.png,4,0,0
409_05.png,2,0,0
0092_02.png,3,0,1
0031_03.png,2,2,1
0126_01.png,3,0,0
0051_04.png,2,0,1
690_01.png,3,0,0
390_01.png,3,0,1
369_02.png,3,0,0
405_01.png,4,0,0
0057_06.png,1,3,3
432_02.png,3,0,0
390_03.png,3,1,0
0055_01.png,2,0,1
499_02.png,2,0,0
509_01.png,3,1,1
794_01.png,2,0,0
0076_03.png,1,3,3
0090_01.png,3,0,1
469_01.png,2,0,0
0169_04.png,3,0,1
628_08.png,3,0,0
851_01.png,2,1,1
0066_04.png,2,0,0
0197_04.png,1,3,3
848_02.png,3,0,0
0044_01.png,0,3,3
0054_03.png,3,0,1
792_03.png,0,3,3
0187_02.png,3,0,1
420_06.png,3,0,0
0120_01.png,2,1,1
0150_04.png,3,0,1
556_02.png,3,0,0
734_01.png,3,0,1
597_02.png,2,1,0
392_04.png,2,0,0
372_05.png,3,0,0
658_07.png,3,0,0
0158_01.png,3,0,0
206_01.png,3,1,0
636_01.png,3,0,0
800_01.png,4,0,0
438_02.png,3,0,0
629_08.png,3,0,1
293_06.png,3,1,0
431_05.png,3,0,0
0172_05.png,4,0,1
856_04.png,3,0,0
495_01.png,3,0,0
0019_03.png,3,1,1
861_01.png,2,0,0
0131_02.png,3,0,0
275_06.png,2,1,1
362_01.png,3,0,0
846_04.png,3,0,0
354_03.png,3,0,0
600_01.png,0,3,3
775_04.png,3,0,0
370_02.png,0,3,3
712_01.png,3,0,0
0067_03.png,0,3,3
742_02.png,3,0,1
805_01.png,3,0,0
843_03.png,3,0,1
342_07.png,0,3,3
724_03.png,3,0,0
0123_01.png,3,0,1
617_02.png,1,3,3
0017_01.png,1,3,3
0108_02.png,2,1,1
684_02.png,1,3,3
588_06.png,3,1,2
434_01.png,0,3,3
753_04.png,3,0,0
285_01.png,4,0,1
701_02.png,1,3,3
623_02.png,3,0,0
459_03.png,2,0,0
436_01.png,3,0,0
257_01.png,3,1,0
747_01.png,2,1,0
639_03.png,3,0,0
835_04.png,3,0,0
321_02.png,4,0,0
330_03.png,3,0,0
443_04.png,3,0,0
338_01.png,3,0,0
594_01.png,3,0,1
818_01.png,3,0,0
0181_01.png,3,0,0
736_01.png,2,0,0
497_01.png,3,0,0
732_01.png,4,0,0
0126_03.png,3,0,1
0150_01.png,3,0,1
0173_02.png,0,3,3
771_01.png,3,0,1
371_01.png,3,0,0
432_03.png,2,1,0
806_01.png,0,3,3
257_04.png,0,3,3
530_02.png,3,0,1
237_06.png,3,0,0
234_01.png,1,3,3
0085_02.png,3,0,0
649_03.png,2,0,0
344_03.png,3,0,0
0109_01.png,3,0,1
241_02.png,0,3,3
294_04.png,3,0,0
0151_01.png,3,0,0
463_02.png,3,1,1
208_03.png,3,0,0
713_01.png,3,0,0
354_05.png,1,3,3
0057_05.png,3,0,1
294_08.png,3,0,0
531_01.png,3,1,1
424_01.png,3,0,0
0133_01.png,3,0,1
604_02.png,3,0,0
861_05.png,3,0,0
588_09.png,2,1,0
492_03.png,2,0,0
849_02.png,2,0,0
0173_04.png,3,0,1
444_02.png,3,0,1
459_02.png,1,3,3
324_01.png,4,0,0
393_02.png,0,3,3
507_05.png,1,3,3
775_01.png,3,0,0
283_05.png,3,0,1
262_01.png,3,0,0
649_07.png,1,3,3
474_04.png,3,0,1
662_02.png,2,1,2
0031_02.png,0,3,3
723_01.png,3,0,0
834_01.png,4,0,0
666_04.png,2,0,1
858_04.png,3,0,0
609_01.png,3,1,0
253_01.png,1,3,3
480_01.png,3,1,0
610_05.png,2,0,2
810_03.png,2,0,0
639_04.png,2,0,0
363_04.png,1,3,3
0176_01.png,3,0,0
501_03.png,3,0,0
0041_01.png,2,1,1
0092_04.png,3,0,0
0012_01.png,0,3,3
665_02.png,3,0,1
607_04.png,3,0,0
0192_02.png,1,3,3
214_03.png,3,0,0
767_03.png,3,0,0
690_02.png,2,0,1
377_03.png,3,0,1
616_01.png,3,0,0
627_03.png,3,0,0
433_03.png,3,0,0
836_02.png,2,0,0
266_02.png,0,3,3
0018_01.png,0,3,3
0077_01.png,3,0,0
464_01.png,2,0,0
718_01.png,0,3,3
475_03.png,4,0,0
0046_05.png,3,1,1
0169_03.png,3,0,0
326_01.png,3,0,0
300_04.png,2,0,1
553_05.png,1,3,3
437_02.png,2,1,0
294_01.png,3,0,0
278_01.png,0,3,3
607_03.png,1,3,3
0171_01.png,3,0,1
0039_02.png,3,1,2
0136_01.png,3,0,0
0034_02.png,2,0,0
0110_03.png,3,0,0
0146_04.png,3,0,0
295_01.png,2,0,1
787_01.png,1,3,3
666_06.png,3,0,0
544_01.png,3,0,1
0043_01.png,1,3,3
205_02.png,1,3,3
726_04.png,1,3,3
795_01.png,3,0,1
855_02.png,2,0,0
776_01.png,3,0,0
490_01.png,3,0,0
589_02.png,3,1,0
855_01.png,3,0,0
637_03.png,3,0,0
407_02.png,3,0,1
602_01.png,3,0,1
763_01.png,3,0,1
200_01.png,0,3,3
325_03.png,0,3,3
458_03.png,3,1,1
616_04.png,0,3,3
826_02.png,3,0,0
600_03.png,2,1,2
535_02.png,3,0,0
413_01.png,3,0,0
0182_04.png,3,0,0
218_03.png,3,0,1
599_02.png,2,0,0
306_03.png,3,0,0
0190_06.png,3,0,1
618_01.png,1,3,3
327_01.png,4,0,0
438_03.png,2,0,1
835_09.png,2,0,1
706_02.png,3,1,0
610_03.png,2,1,0
395_01.png,3,0,0
271_02.png,4,0,0
0097_01.png,2,0,1
604_03.png,4,0,1
773_03.png,2,0,1
411_03.png,3,0,2
705_01.png,2,0,1
0172_06.png,3,0,0
293_02.png,3,0,0
202_03.png,0,3,3
490_02.png,3,0,0
0051_03.png,1,3,3
636_03.png,1,3,3
644_02.png,3,0,0
631_03.png,3,0,0
0079_01.png,3,0,0
785_02.png,2,1,0
554_02.png,4,0,0
508_04.png,2,1,1
389_02.png,3,1,0
691_02.png,2,0,0
790_02.png,2,0,0
603_04.png,3,0,0
214_01.png,0,3,3
478_04.png,2,0,1
361_01.png,4,0,0
497_02.png,3,0,0
627_02.png,2,0,0
0169_06.png,2,1,1
796_01.png,2,0,0
0081_01.png,2,1,1
334_01.png,3,0,0
473_01.png,2,1,0
544_02.png,2,0,2
529_01.png,3,0,0
221_04.png,1,3,3
212_03.png,0,3,3
0104_01.png,3,0,1
704_01.png,3,0,0
0069_01.png,2,0,1
269_01.png,4,1,2
393_10.png,3,0,0
240_02.png,3,0,1
479_02.png,3,0,0
0071_01.png,3,0,0
342_04.png,0,3,3
834_02.png,3,0,0
394_01.png,3,0,0
617_01.png,3,0,0
590_01.png,3,1,0
714_01.png,3,0,0
575_01.png,3,0,0
496_03.png,0,3,3
0182_02.png,3,1,1
238_01.png,1,3,3
442_01.png,3,0,2
848_03.png,3,0,0
0065_01.png,3,0,1
420_02.png,3,0,0
248_03.png,4,0,1
381_01.png,4,0,0
0032_01.png,1,3,3
377_02.png,3,0,0
645_01.png,3,0,0
432_01.png,3,0,0
317_02.png,0,3,3
0106_02.png,2,0,0
606_02.png,3,0,0
430_03.png,0,3,3
353_02.png,3,0,0
553_02.png,2,0,0
635_03.png,3,1,1
0191_01.png,0,3,3
0160_02.png,1,3,3
352_02.png,0,3,3
518_01.png,2,0,0
0103_01.png,4,0,1
353_01.png,3,0,0
638_01.png,4,0,1
443_03.png,3,0,0
273_02.png,3,0,0
0106_01.png,3,1,0
406_04.png,2,0,1
0092_09.png,2,1,0
357_03.png,3,0,0
208_04.png,4,0,0
604_04.png,1,3,3
626_02.png,1,3,3
707_01.png,3,1,0
760_01.png,2,1,1
347_03.png,3,0,1
0039_01.png,2,0,1
220_02.png,3,0,1
548_02.png,2,2,0
599_03.png,3,1,0
0007_01.png,3,0,0
0015_02.png,1,3,3
381_02.png,2,0,1
0080_01.png,2,1,1
0054_05.png,3,0,1
0013_02.png,1,3,3
0142_03.png,3,0,1
0053_03.png,0,3,3
553_01.png,3,0,1
584_01.png,3,0,0
715_03.png,3,0,0
472_01.png,3,0,1
657_04.png,1,3,3
856_03.png,2,0,1
406_06.png,2,0,0
719_01.png,3,0,0
825_01.png,2,0,0
515_02.png,2,1,1
276_01.png,4,0,1
712_02.png,3,0,0
535_03.png,3,0,1
0014_03.png,0,3,3
801_01.png,2,0,0
808_04.png,3,0,1
321_01.png,3,0,1
732_02.png,3,0,1
234_02.png,2,0,1
383_02.png,0,3,3
0071_02.png,2,0,0
0168_06.png,3,0,0
647_02.png,4,0,0
366_01.png,3,0,0
0010_01.png,0,3,3
0060_01.png,3,0,0
458_01.png,2,0,1
0093_02.png,3,0,0
0007_02.png,2,1,0
752_01.png,3,0,0
241_05.png,4,0,1
409_03.png,3,1,1
0026_01.png,1,3,3
516_03.png,4,0,1
484_02.png,3,0,0
420_03.png,3,0,0
521_01.png,0,3,3
321_04.png,3,0,1
0023_02.png,2,1,1
607_09.png,3,0,2
681_01.png,3,0,0
773_02.png,2,1,1
607_02.png,2,0,0
433_04.png,2,0,0
316_01.png,3,0,0
309_03.png,3,0,1
396_01.png,3,0,0
212_04.png,2,0,1
333_05.png,3,0,0
0018_03.png,3,0,1
498_01.png,3,0,0
628_07.png,1,3,3
215_02.png,4,0,0
342_01.png,3,0,0
593_03.png,2,0,1
456_01.png,2,0,0
591_04.png,3,0,0
274_01.png,3,0,1
0175_03.png,2,1,1
555_01.png,0,3,3
0187_01.png,0,3,3
0112_03.png,3,1,1
411_02.png,3,2,1
799_01.png,3,0,0
753_05.png,2,0,1
309_01.png,4,0,0
250_02.png,3,1,0
767_01.png,4,0,0
667_01.png,2,1,1
437_04.png,4,0,0
761_03.png,3,0,1
310_01.png,3,1,1
781_01.png,3,0,0
0192_01.png,3,1,0
0119_01.png,3,0,1
0074_05.png,1,3,3
748_01.png,3,1,1
0108_01.png,4,1,1
709_02.png,3,0,1
323_01.png,3,0,0
0197_03.png,0,3,3
588_08.png,1,3,3
244_02.png,4,1,1
0075_02.png,1,3,3
640_04.png,4,0,0
0149_02.png,1,3,3
495_02.png,3,0,1
630_01.png,3,0,0
675_01.png,0,3,3
329_04.png,3,1,1
541_02.png,2,1,1
323_02.png,4,0,0
493_01.png,3,0,0
405_04.png,3,0,2
623_01.png,3,0,2
211_03.png,3,1,0
687_02.png,0,3,3
276_02.png,3,0,1
0190_08.png,3,0,1
766_01.png,2,2,0
329_01.png,3,0,0
233_01.png,0,3,3
501_07.png,3,0,0
204_02.png,3,0,1
0169_01.png,4,1,1
283_04.png,2,0,1
806_03.png,1,3,3
605_04.png,3,0,0
0069_03.png,3,0,1
237_02.png,4,0,1
201_06.png,3,0,1
0030_01.png,1,3,3
517_01.png,4,0,0
372_01.png,3,0,0
0135_01.png,3,0,0
0058_03.png,3,0,1
210_01.png,2,0,1
0052_04.png,3,1,2
414_05.png,3,0,0
444_04.png,3,0,0
0033_02.png,2,1,1
629_01.png,2,0,0
588_03.png,3,0,0
0010_03.png,0,3,3
0173_03.png,2,0,1
740_01.png,3,0,0
435_01.png,3,0,0
375_01.png,2,0,1
390_02.png,3,0,0
0110_01.png,3,0,0
548_01.png,4,0,0
363_02.png,3,0,0
474_05.png,2,1,0
289_01.png,3,0,0
593_01.png,2,0,0
861_09.png,3,0,0
384_05.png,3,0,1
601_02.png,1,3,3
0031_01.png,2,0,0
294_05.png,4,0,0
525_03.png,3,0,0
822_01.png,2,0,0
470_01.png,3,0,0
724_04.png,2,0,0
524_01.png,2,0,1
443_02.png,4,0,1
501_04.png,1,3,3
763_03.png,2,1,0
564_01.png,3,0,0
409_04.png,3,0,1
415_01.png,3,0,0
300_02.png,3,0,1
0170_02.png,0,3,3
489_03.png,2,0,0
497_03.png,4,0,1
695_02.png,2,0,1
359_02.png,2,0,0
392_03.png,1,3,3
0013_01.png,1,3,3
754_02.png,3,0,1
617_03.png,3,0,0
207_01.png,1,3,3
714_02.png,2,1,0
0068_02.png,3,1,0
758_03.png,3,0,0
325_02.png,0,3,3
572_03.png,2,2,1
0066_02.png,3,0,1
0054_02.png,2,0,1
291_01.png,3,0,0
0114_01.png,3,0,1
501_01.png,3,0,1
561_01.png,3,0,0
586_02.png,2,0,1
319_04.png,3,0,0
203_01.png,0,3,3
669_01.png,2,1,2
387_01.png,3,0,0
565_01.png,0,3,3
0176_04.png,3,0,1
636_09.png,3,0,1
232_01.png,0,3,3
477_02.png,1,3,3
813_01.png,2,0,1
607_10.png,2,0,0
581_01.png,3,0,0
589_03.png,4,0,0
0011_01.png,2,1,0
648_02.png,3,0,0
0197_01.png,3,0,0
0057_03.png,2,0,0
750_02.png,3,0,0
648_01.png,3,1,0
269_02.png,2,1,0
0014_02.png,0,3,3
242_02.png,2,0,1
0005_07.png,3,1,0
406_01.png,3,0,0
280_01.png,3,0,1
0108_03.png,2,0,1
0102_01.png,4,1,1
0071_03.png,1,3,3
431_02.png,2,0,1
498_02.png,4,0,0
854_01.png,3,0,0
764_01.png,1,3,3
471_01.png,3,0,0
0105_02.png,3,0,0
206_02.png,3,1,1
412_04.png,2,0,0
343_03.png,4,0,1
349_02.png,2,1,0
707_02.png,3,0,1
482_01.png,1,3,3
244_01.png,3,0,0
330_01.png,3,0,0
296_01.png,3,0,0
588_01.png,3,0,0
420_04.png,2,0,0
0004_01.png,2,0,0
410_01.png,3,0,0
765_01.png,2,0,0
630_04.png,3,0,0
318_03.png,2,0,0
341_01.png,3,0,0
0186_01.png,3,0,1
803_02.png,2,0,1
237_03.png,3,0,1
467_01.png,3,0,0
543_02.png,3,0,1
0185_01.png,3,0,1
0063_04.png,2,1,1
642_02.png,3,0,0
570_01.png,3,0,0
528_01.png,3,0,0
401_04.png,2,0,1
845_01.png,3,0,0
299_01.png,2,0,1
374_03.png,1,3,3
414_09.png,3,0,0
0068_05.png,3,1,1
294_02.png,3,0,0
0005_03.png,0,3,3
427_01.png,3,0,0
258_01.png,3,0,1
371_02.png,3,0,0
858_03.png,3,0,1
0051_01.png,2,0,2
590_04.png,3,0,0
232_02.png,0,3,3
758_01.png,4,0,0
644_03.png,3,0,0
624_01.png,4,0,1
0085_03.png,3,0,0
697_01.png,3,0,0
806_02.png,0,3,3
773_04.png,2,1,0
0094_02.png,3,0,0
431_01.png,2,1,0
0164_02.png,3,1,1
601_01.png,0,3,3
427_02.png,2,0,1
820_01.png,3,1,0
648_08.png,4,0,0
808_05.png,3,0,0
237_05.png,3,0,1
629_04.png,3,0,0
0154_01.png,3,0,0
724_01.png,4,0,0
751_03.png,4,0,0
632_01.png,2,0,0
631_09.png,3,0,1
0058_05.png,3,0,1
436_05.png,3,1,0
709_01.png,3,0,0
379_02.png,3,0,2
324_05.png,3,0,0
291_03.png,0,3,3
0092_08.png,3,1,0
551_01.png,1,3,3
236_01.png,2,0,0
221_09.png,3,0,1
0194_04.png,1,3,3
656_01.png,3,1,0
385_02.png,1,3,3
625_03.png,3,0,0
728_03.png,3,0,1
648_07.png,3,0,0
481_03.png,3,0,1
721_02.png,3,0,0
309_02.png,3,0,0
384_04.png,2,0,1
337_02.png,3,0,0
618_04.png,0,3,3
203_04.png,2,0,1
487_01.png,4,0,0
0063_03.png,0,3,3
804_01.png,3,0,0
200_04.png,3,0,0
0013_03.png,0,3,3
458_02.png,3,0,0
300_01.png,4,0,0
547_02.png,3,1,0
355_02.png,3,0,0
0095_01.png,4,1,0
460_01.png,2,0,0
581_02.png,3,1,1
475_05.png,3,0,1
831_01.png,3,1,0
835_03.png,3,0,0
564_02.png,2,1,0
0065_03.png,0,3,3
621_02.png,3,0,1
341_05.png,2,1,0
442_03.png,0,3,3
504_02.png,3,1,0
835_01.png,3,0,0
304_02.png,2,0,1
857_01.png,3,0,0
860_02.png,3,0,1
241_01.png,2,0,0
377_01.png,3,0,1
235_01.png,2,0,0
521_02.png,2,0,0
553_04.png,0,3,3
0066_01.png,3,0,0
626_04.png,2,1,0
0181_03.png,3,0,1
0092_05.png,2,0,1
0114_02.png,2,0,0
342_08.png,3,0,1
380_01.png,2,0,0
494_02.png,3,1,0
0076_04.png,0,3,3
0152_01.png,3,0,0
0087_01.png,3,0,0
354_02.png,3,0,1
608_04.png,3,2,1
610_04.png,1,3,3
858_01.png,3,0,0
450_01.png,0,3,3
436_07.png,3,0,0
421_06.png,3,0,0
559_02.png,3,0,0
639_02.png,2,1,0
260_01.png,2,0,1
0059_03.png,3,1,1
368_02.png,3,0,0
426_01.png,2,0,2
0037_04.png,0,3,3
578_02.png,3,1,0
520_04.png,3,0,0
384_02.png,3,0,1
457_02.png,3,0,0
655_03.png,3,0,1
0069_02.png,3,0,0
696_01.png,3,0,0
625_01.png,3,0,1
0053_01.png,0,3,3
361_03.png,1,3,3
624_02.png,4,0,1
583_02.png,3,0,0
0126_06.png,1,3,3
721_03.png,3,0,0
358_01.png,3,0,1
715_02.png,2,1,0
643_03.png,3,0,0
0050_01.png,3,0,1
431_04.png,0,3,3
314_01.png,3,0,0
463_03.png,3,0,1
609_02.png,3,0,1
0005_06.png,3,0,0
0079_04.png,2,1,0
0088_03.png,3,1,0
445_02.png,3,0,0
408_01.png,3,0,0
241_03.png,3,0,0
808_02.png,3,0,0
331_01.png,3,0,0
465_02.png,3,0,0
405_05.png,2,0,1
208_06.png,3,0,0
658_03.png,3,1,0
0009_05.png,0,3,3
516_04.png,2,1,1
0101_04.png,3,0,0
815_01.png,3,0,0
342_06.png,3,0,1
352_03.png,3,0,0
607_01.png,2,1,0
803_01.png,3,0,0
646_04.png,2,0,1
649_02.png,2,0,0
598_02.png,3,1,1
610_02.png,3,1,0
303_03.png,3,1,1
392_05.png,3,0,0
0118_01.png,4,0,0
320_01.png,2,0,1
0153_02.png,3,0,0
490_03.png,3,0,0
608_05.png,3,0,1
0182_01.png,4,0,0
